<?xml version="1.0" encoding="utf-8"?>
<extension type="component" version="3.0" method="upgrade">
	<name>Kinoarhiv</name>
	<author>Viper</author>
	<creationDate>April 2006</creationDate>
	<copyright>(C) 2014 Libra.ms All rights reserved.</copyright>
	<license>GNU General Public License version 2 or later; see	LICENSE.txt</license>
	<authorEmail>web@libra.ms</authorEmail>
	<authorUrl>http://киноархив.com</authorUrl>
	<version>3.0.0</version>
	<description>COM_KA_XML_DESCRIPTION</description>

	<scriptfile>installer.php</scriptfile>
	<install>
		<sql>
			<file driver="mysql" charset="utf8">sql/install.mysql.sql</file>
		</sql>
	</install>
	<uninstall>
		<sql>
			<file driver="mysql" charset="utf8">sql/uninstall.mysql.sql</file>
		</sql>
	</uninstall>

	<files folder="site">
		<filename>controller.php</filename>
		<filename>index.html</filename>
		<filename>kinoarhiv.php</filename>
		<folder>assets</folder>
		<folder>controllers</folder>
		<folder>helpers</folder>
		<folder>libraries</folder>
		<folder>models</folder>
		<folder>views</folder>
	</files>
	<languages folder="site">
		<language tag="ru-RU">language/ru-RU.com_kinoarhiv.ini</language>
	</languages>
	<administration>
		<files folder="admin">
			<filename>access.xml</filename>
			<filename>controller.php</filename>
			<filename>index.html</filename>
			<filename>kinoarhiv.php</filename>
			<filename>kinoarhiv.xml</filename>
			<folder>assets</folder>
			<folder>controllers</folder>
			<folder>helpers</folder>
			<folder>libraries</folder>
			<folder>models</folder>
			<folder>views</folder>
		</files>
		<languages folder="admin">
			<language tag="ru-RU">language/ru-RU.com_kinoarhiv.ini</language>
			<language tag="ru-RU">language/ru-RU.com_kinoarhiv.sys.ini</language>
		</languages>
		<menu link="option=com_kinoarhiv">COM_KINOARHIV</menu>
		<submenu>
			<menu view="movies">COM_KA_MENU_MOVIES</menu>
			<menu view="names">COM_KA_MENU_NAMES</menu>
			<menu view="careers">COM_KA_MENU_CAREERS</menu>
			<menu view="countries">COM_KA_MENU_COUNTRIES</menu>
			<menu view="genres">COM_KA_MENU_GENRES</menu>
			<menu view="vendors">COM_KA_MENU_VENDORS</menu>
			<menu view="awards">COM_KA_MENU_AWARDS</menu>
			<menu view="reviews">COM_KA_MENU_REVIEWS</menu>
			<menu view="premieres">COM_KA_MENU_PREMIERES</menu>
			<menu view="releases">COM_KA_MENU_RELEASES</menu>
			<menu view="settings">COM_KA_MENU_SETTINGS</menu>
		</submenu>
	</administration>
	<updateservers>
		<server type="extension" priority="1" name="Kinoarhiv Updates"><![CDATA[http://киноархив.com/version/]]></server>
	</updateservers>
</extension>
